{
    "Version": 3,
    "Meta": {
        "Name": "face_igs_smile_05",
        "Duration": 3.9670000076293945,
        "Fps": 30.0,
        "Loop": true,
        "AreBeziersRestricted": true,
        "CurveCount": 46,
        "UserDataCount": 0,
        "TotalPointCount": 94,
        "TotalSegmentCount": 62,
        "TotalUserDataSize": 0
    },
    "Curves": [
        {
            "Target": "Parameter",
            "Id": "ParamEyeTeary",
            "Segments": [
                0,
                0.0,
                2,
                0.0,
                0.0,
                1,
                0.08899999658266704,
                0.23299999915973046,
                0.17799999316533405,
                0.46600003805588774,
                0.2669999897480011,
                0.6990000009536743,
                1,
                0.34466665983200073,
                0.6990000009536743,
                0.42233332991600037,
                -6.707636712732779e-08,
                0.5,
                0.0,
                1,
                0.5890000065167745,
                0.0,
                0.678000013033549,
                0.6990001002016851,
                0.7670000195503235,
                0.6990000009536743,
                1,
                0.8446666797002157,
                0.6990000009536743,
                0.9223333398501078,
                -2.6326478034614333e-08,
                1.0,
                0.0,
                1,
                1.0889999866485596,
                0.0,
                1.1779999732971191,
                0.6990000147360167,
                1.2669999599456787,
                0.6990000009536743,
                1,
                1.3446666399637859,
                0.6990000009536743,
                1.4223333199818928,
                -3.8794151298778466e-08,
                1.5,
                0.0,
                1,
                1.5889999866485596,
                0.23299999437170982,
                1.6779999732971191,
                0.46600002847984834,
                1.7669999599456787,
                0.6990000009536743,
                1,
                1.8446666399637859,
                0.6990000009536743,
                1.9223333199818928,
                -3.8794151298778466e-08,
                2.0,
                0.0,
                1,
                2.0889999866485596,
                0.0,
                2.177999973297119,
                0.6990000147360167,
                2.2669999599456787,
                0.6990000009536743,
                1,
                2.3446666399637857,
                0.6990000009536743,
                2.422333319981893,
                -3.8794151298778466e-08,
                2.5,
                0.0,
                1,
                2.5889999866485596,
                0.0,
                2.677999973297119,
                0.6990000147360167,
                2.7669999599456787,
                0.6990000009536743,
                1,
                2.8446666399637857,
                0.6990000009536743,
                2.922333319981893,
                -3.8794151298778466e-08,
                3.0,
                0.0,
                1,
                3.0889999866485596,
                0.23299999437170982,
                3.177999973297119,
                0.46600002847984834,
                3.2669999599456787,
                0.6990000009536743,
                1,
                3.3446666399637857,
                0.6990000009536743,
                3.422333319981893,
                -3.8794151298778466e-08,
                3.5,
                0.0,
                1,
                3.5889999866485596,
                0.0,
                3.677999973297119,
                0.6990000147360167,
                3.7669999599456787,
                0.6990000009536743,
                1,
                3.8336666425069175,
                0.6990000009536743,
                3.9003333250681558,
                0.1850000712078034,
                3.9670000076293945,
                0.039000000804662704
            ]
        },
        {
            "Target": "Parameter",
            "Id": "ParamBrowRX",
            "Segments": [
                0,
                0.10000000149011612,
                2,
                3.9670000076293945,
                0.10000000149011612
            ]
        },
        {
            "Target": "Parameter",
            "Id": "ParamBrowRY",
            "Segments": [
                0,
                -0.6000000238418579,
                2,
                3.9670000076293945,
                -0.6000000238418579
            ]
        },
        {
            "Target": "Parameter",
            "Id": "ParamBrowRAngle",
            "Segments": [
                0,
                0.30000001192092896,
                2,
                3.9670000076293945,
                0.30000001192092896
            ]
        },
        {
            "Target": "Parameter",
            "Id": "ParamBrowRForm",
            "Segments": [
                0,
                -0.5,
                2,
                3.9670000076293945,
                -0.5
            ]
        },
        {
            "Target": "Parameter",
            "Id": "ParamBrowLX",
            "Segments": [
                0,
                0.10000000149011612,
                2,
                3.9670000076293945,
                0.10000000149011612
            ]
        },
        {
            "Target": "Parameter",
            "Id": "ParamBrowLY",
            "Segments": [
                0,
                -0.6000000238418579,
                2,
                3.9670000076293945,
                -0.6000000238418579
            ]
        },
        {
            "Target": "Parameter",
            "Id": "ParamBrowLAngle",
            "Segments": [
                0,
                0.30000001192092896,
                2,
                3.9670000076293945,
                0.30000001192092896
            ]
        },
        {
            "Target": "Parameter",
            "Id": "ParamBrowLForm",
            "Segments": [
                0,
                -0.5,
                2,
                3.9670000076293945,
                -0.5
            ]
        },
        {
            "Target": "Parameter",
            "Id": "ParamEyeROpen",
            "Segments": [
                0,
                0.800000011920929,
                2,
                3.9670000076293945,
                0.800000011920929
            ]
        },
        {
            "Target": "Parameter",
            "Id": "ParamEyeRSmile",
            "Segments": [
                0,
                0.800000011920929,
                2,
                3.9670000076293945,
                0.800000011920929
            ]
        },
        {
            "Target": "Parameter",
            "Id": "ParamEyeRForm",
            "Segments": [
                0,
                -0.10000000149011612,
                2,
                3.9670000076293945,
                -0.10000000149011612
            ]
        },
        {
            "Target": "Parameter",
            "Id": "ParamEyeLOpen",
            "Segments": [
                0,
                0.800000011920929,
                2,
                3.9670000076293945,
                0.800000011920929
            ]
        },
        {
            "Target": "Parameter",
            "Id": "ParamEyeLSmile",
            "Segments": [
                0,
                0.800000011920929,
                2,
                3.9670000076293945,
                0.800000011920929
            ]
        },
        {
            "Target": "Parameter",
            "Id": "ParamEyeLForm",
            "Segments": [
                0,
                -0.10000000149011612,
                2,
                3.9670000076293945,
                -0.10000000149011612
            ]
        },
        {
            "Target": "Parameter",