{
    "Version": 3,
    "Meta": {
        "Name": "face_sparkling_03",
        "Duration": 2.3499999046325684,
        "Fps": 60.0,
        "Loop": true,
        "AreBeziersRestricted": true,
        "CurveCount": 45,
        "UserDataCount": 0,
        "TotalPointCount": 155,
        "TotalSegmentCount": 83,
        "TotalUserDataSize": 0
    },
    "Curves": [
        {
            "Target": "Parameter",
            "Id": "ParamEyeTeary",
            "Segments": [
                0,
                0.0,
                2,
                0.0,
                0.0,
                1,
                0.04433333377043406,
                0.0,
                0.08866666754086813,
                1.0000000149173975,
                0.13300000131130219,
                1.0,
                1,
                0.17766666412353516,
                1.0,
                0.22233332693576813,
                7.621208079437261e-08,
                0.2669999897480011,
                0.0,
                1,
                0.30566665530204773,
                0.0,
                0.34433332085609436,
                1.000000067694822,
                0.382999986410141,
                1.0,
                1,
                0.421999990940094,
                1.0,
                0.460999995470047,
                -3.568049411484253e-08,
                0.5,
                0.0,
                1,
                0.5389999945958456,
                0.0,
                0.577999989191691,
                0.999999943994203,
                0.6169999837875366,
                1.0,
                1,
                0.6556666493415833,
                1.0,
                0.6943333148956299,
                -6.769482189620628e-08,
                0.7329999804496765,
                0.0,
                1,
                0.7776666482289633,
                0.0,
                0.8223333160082499,
                1.0000000548643813,
                0.8669999837875366,
                1.0,
                1,
                0.9113333225250244,
                1.0,
                0.9556666612625122,
                3.091776227629831e-08,
                1.0,
                0.0,
                1,
                1.049999992052714,
                0.0,
                1.099999984105428,
                1.0000001017251523,
                1.149999976158142,
                1.0,
                1,
                1.1943333148956299,
                1.0,
                1.2386666536331177,
                3.091776227629831e-08,
                1.2829999923706055,
                0.0,
                1,
                1.321999986966451,
                0.0,
                1.3609999815622966,
                0.999999943994203,
                1.399999976158142,
                1.0,
                1,
                1.4389999707539876,
                1.0,
                1.4779999653498332,
                5.600579703705459e-08,
                1.5169999599456787,
                0.0,
                1,
                1.5556666453679402,
                0.0,
                1.594333330790202,
                1.0000000687491504,
                1.6330000162124634,
                1.0,
                1,
                1.6663333574930828,
                1.0,
                1.699666698773702,
                -6.993597937802558e-08,
                1.7330000400543213,
                0.0,
                1,
                1.7720000346501668,
                0.0,
                1.8110000292460124,
                0.999999943994203,
                1.850000023841858,
                1.0,
                1,
                1.8890000184377034,
                1.0,
                1.928000013033549,
                5.600579703705459e-08,
                1.9670000076293945,
                0.0,
                1,
                2.0113333066304526,
                0.0,
                2.0556666056315103,
                0.9999999758777639,
                2.0999999046325684,
                1.0,
                1,
                2.1389999389648438,
                1.0,
                2.177999973297119,
                3.739229266959872e-08,
                2.2170000076293945,
                0.0,
                2,
                2.3499999046325684,
                0.0
            ]
        },
        {
            "Target": "Parameter",
            "Id": "ParamEyeSpecial",