{
    "Version": 3,
    "Meta": {
        "Name": "face_cry_01",
        "Duration": 3.2669999599456787,
        "Fps": 60.0,
        "Loop": true,
        "AreBeziersRestricted": true,
        "CurveCount": 45,
        "UserDataCount": 0,
        "TotalPointCount": 106,
        "TotalSegmentCount": 66,
        "TotalUserDataSize": 0
    },
    "Curves": [
        {
            "Target": "Parameter",
            "Id": "ParamEyeSpecial",
            "Segments": [
                0,
                0.0,
                2,
                0.0,
                0.0,
                2,
                0.10000000149011612,
                0.0,
                1,
                0.15566666424274445,
                0.0,
                0.21133332699537277,
                0.99999997899459,
                0.2669999897480011,
                1.0,
                1,
                0.3169999917348226,
                1.0,
                0.3669999937216441,
                -4.1325885528446335e-08,
                0.4169999957084656,
                0.0,
                1,
                0.4669999877611796,
                0.0,
                0.5169999798138937,
                1.0000001017251523,
                0.5669999718666077,
                1.0,
                1,
                0.6169999837875366,
                1.0,
                0.6669999957084656,
                1.9073665905959086e-08,
                0.7170000076293945,
                0.0,
                1,
                0.7669999996821085,
                0.0,
                0.8169999917348226,
                1.0000001017251523,
                0.8669999837875366,
                1.0,
                1,
                0.9279999732971191,
                1.0,
                0.9889999628067017,
                4.678326985067353e-08,
                1.0499999523162842,
                0.0,
                1,
                1.1056666374206543,
                0.0,
                1.1613333225250244,
                1.0000000018715236,
                1.2170000076293945,
                1.0,
                1,
                1.277999997138977,
                1.0,
                1.3389999866485596,
                4.678326985067353e-08,
                1.399999976158142,
                0.0,
                1,
                1.4609999656677246,
                0.0,
                1.5219999551773071,
                0.9999999532167302,
                1.5829999446868896,
                1.0,
                1,
                1.6329999764760335,
                1.0,
                1.6830000082651775,
                2.543256020596611e-08,
                1.7330000400543213,
                0.0,
                1,
                1.7830000321070354,
                0.0,
                1.8330000241597493,
                1.0000001017251523,
                1.8830000162124634,
                1.0,
                1,
                1.9330000082651775,
                1.0,
                1.9830000003178914,
                -1.0172515230166822e-07,
                2.0329999923706055,
                0.0,
                1,
                2.077666680018107,
                0.0,
                2.122333367665609,
                1.0000000311959238,
                2.1670000553131104,
                1.0,
                1,
                2.2170000076293945,
                1.0,
                2.2669999599456787,
                2.7284841053187847e-12,
                2.316999912261963,
                0.0,
                1,
                2.366999944051107,
                0.0,
                2.4169999758402505,
                0.9999999745674398,
                2.4670000076293945,
                1.0,
                1,
                2.522333304087321,
                1.0,
                2.5776666005452475,
                2.4294272667665002e-08,
                2.632999897003174,
                0.0,
                1,
                2.688666582107544,
                0.0,
                2.744333267211914,
                1.0000000018715236,
                2.799999952316284,
                1.0,
                1,
                2.8556666374206543,
                1.0,
                2.9113333225250244,
                -1.871523528744016e-09,
                2.9670000076293945,
                0.0,
                1,
                3.022333304087321,
                0.0,
                3.0776666005452475,
                0.9999999757057273,
                3.132999897003174,
                1.0,
                1,
                3.1776665846506753,
                1.0,
                3.2223332722981772,
                -3.119592377013684e-08,
                3.2669999599456787,
                0.0
            ]
        },
        {
            "Target": "Parameter",
            "Id": "ParamBrowRX",
            "Segments": [
                0,
                -0.4000000059604645,
                2,
                3.2669999599456787,
                -0.4000000059604645
            ]
        },
        {
            "Target": "Parameter",
            "Id": "ParamBrowRY",
            "Segments": [
                0,
                -0.5,
                2,
                3.2669999599456787,
                -0.5
            ]
        },
        {
            "Target": "Parameter",
            "Id": "ParamBrowRAngle",
            "Segments": [
                0,
                0.0,
                2,
                3.2669999599456787,
                0.0
            ]
        },
        {
            "Target": "Parameter",
            "Id": "ParamBrowRForm",
            "Segments": [
                0,
                0.5,
                2,
                3.2669999599456787,
                0.5
            ]
        },
        {
            "Target": "Parameter",
            "Id": "ParamBrowLX",
            "Segments": [
                0,
                -0.4000000059604645,
                2,
                3.2669999599456787,
                -0.4000000059604645
            ]
        },
        {
            "Target": "Parameter",
            "Id": "ParamBrowLY",
            "Segments": [
                0,
                -0.5,
                2,
                3.2669999599456787,
                -0.5
            ]
        },
        {
            "Target": "Parameter",
            "Id": "ParamBrowLAngle",
            "Segments": [
                0,
                0.0,
                2,
                3.2669999599456787,
                0.0
            ]
        },
        {
            "Target": "Parameter",
            "Id": "ParamBrowLForm",
            "Segments": [
                0,
                0.5,
                2,
                3.2669999599456787,
                0.5
            ]
        },
        {
            "Target": "Parameter",
            "Id": "ParamEyeROpen",
            "Segments": [
                0,
                0.800000011920929,
                2,
                3.2669999599456787,
                0.800000011920929
            ]
        },
        {
            "Target": "Parameter",
            "Id": "ParamEyeRSmile",
            "Segments": [
                0,
                1.0,
                2,
                3.2669999599456787,
                1.0
            ]
        },
        {
            "Target": "Parameter",
            "Id": "ParamEyeRForm",
            "Segments": [
                0,
                0.0,
                2,
                3.2669999599456787,
                0.0
            ]
        },
        {
            "Target": "Parameter",
            "Id": "ParamEyeLOpen",
            "Segments": [
                0,
                0.800000011920929,
                2,
                3.2669999599456787,
                0.800000011920929
            ]
        },
        {
            "Target": "Parameter",
            "Id": "ParamEyeLSmile",