{
    "Version": 3,
    "Meta": {
        "Name": "face_smile_15",
        "Duration": 2.3499999046325684,
        "Fps": 60.0,
        "Loop": true,
        "AreBeziersRestricted": true,
        "CurveCount": 45,
        "UserDataCount": 0,
        "TotalPointCount": 101,
        "TotalSegmentCount": 65,
        "TotalUserDataSize": 0
    },
    "Curves": [
        {
            "Target": "Parameter",
            "Id": "ParamEyeTeary",
            "Segments": [
                0,
                0.0,
                2,
                0.0,
                0.0,
                1,
                0.08333333333333333,
                0.0,
                0.16666666666666669,
                1.0,
                0.25,
                1.0,
                1,
                0.3333333333333333,
                1.0,
                0.4166666666666667,
                0.0,
                0.5,
                0.0,
                1,
                0.5833333333333334,
                0.0,
                0.6666666666666666,
                1.0,
                0.75,
                1.0,
                1,
                0.8333333333333334,
                1.0,
                0.9166666666666666,
                0.0,
                1.0,
                0.0,
                1,
                1.0833333333333333,
                0.0,
                1.1666666666666667,
                1.0,
                1.25,
                1.0,
                1,
                1.3333333333333333,
                1.0,
                1.4166666666666667,
                0.0,
                1.5,
                0.0,
                1,
                1.5833333333333333,
                0.0,
                1.6666666666666667,
                1.0,
                1.75,
                1.0,
                1,
                1.8333333333333333,
                1.0,
                1.9166666666666667,
                0.0,
                2.0,
                0.0,
                1,
                2.0833333333333335,
                0.0,
                2.1666666666666665,
                1.0,
                2.25,
                1.0,
                2,
                2.3499999046325684,
                1.0
            ]
        },
        {
            "Target": "Parameter",
            "Id": "ParamEyeHilightonoff",
            "Segments": [
                0,
                0.0,
                2,
                0.0,
                0.0,
                1,
                0.08333333333333333,
                0.0,
                0.16666666666666669,
                1.0,
                0.25,
                1.0,
                1,
                0.3333333333333333,
                1.0,
                0.4166666666666667,
                0.0,
                0.5,
                0.0,
                1,
                0.5833333333333334,
                0.0,
                0.6666666666666666,
                1.0,
                0.75,
                1.0,
                1,
                0.8333333333333334,
                1.0,
                0.9166666666666666,
                0.0,
                1.0,
                0.0,
                1,
                1.0833333333333333,
                0.0,
                1.1666666666666667,
                1.0,
                1.25,
                1.0,
                1,
                1.3333333333333333,
                1.0,
                1.4166666666666667,
                0.0,
                1.5,
                0.0,
                1,
                1.5833333333333333,
                0.0,
                1.6666666666666667,
                1.0,
                1.75,
                1.0,
                1,
                1.8333333333333333,
                1.0,
                1.9166666666666667,
                0.0,
                2.0,
                0.0,
                1,
                2.0833333333333335,
                0.0,
                2.1666666666666665,
                1.0,
                2.25,
                1.0,
                2,
                2.3499999046325684,
                1.0
            ]
        },
        {
            "Target": "Parameter",
            "Id": "ParamBrowRX",
            "Segments": [
                0,
                -0.4000000059604645,
                2,
                2.3499999046325684,
                -0.4000000059604645
            ]
        },
        {
            "Target": "Parameter",
            "Id": "ParamBrowRY",
            "Segments": [
                0,
                -0.5,
                2,
                2.3499999046325684,
                -0.5
            ]
        },
        {
            "Target": "Parameter",
            "Id": "ParamBrowRAngle",
            "Segments": [
                0,
                -0.20000000298023224,
                2,
                2.3499999046325684,
                -0.20000000298023224
            ]
        },
        {
            "Target": "Parameter",
            "Id": "ParamBrowRForm",
            "Segments": [
                0,
                1.0,
                2,
                2.3499999046325684,
                1.0
            ]
        },
        {
            "Target": "Parameter",
            "Id": "ParamBrowLX",
            "Segments": [
                0,
                -0.4000000059604645,
                2,
                2.3499999046325684,
                -0.4000000059604645
            ]
        },
        {
            "Target": "Parameter",
            "Id": "ParamBrowLY",
            "Segments": [
                0,
                -0.5,
                2,
                2.3499999046325684,
                -0.5
            ]
        },
        {
            "Target": "Parameter",
            "Id": "ParamBrowLAngle",
            "Segments": [
                0,
                -0.20000000298023224,
                2,
                2.3499999046325684,
                -0.20000000298023224
            ]
        },
        {
            "Target": "Parameter",
            "Id": "ParamBrowLForm",
            "Segments": [
                0,
                1.0,
                2,
                2.3499999046325684,
                1.0
            ]
        },
        {
            "Target": "Parameter",
            "Id": "ParamEyeROpen",
            "Segments": [
                0,
                0.800000011920929,
                2,
                2.3499999046325684,
                0.800000011920929
            ]
        },
        {
            "Target": "Parameter",
            "Id": "ParamEyeRSmile",
            "Segments": [
                0,
                1.0,
                2,
                2.3499999046325684,
                1.0
            ]
        },
        {
            "Target": "Parameter",
            "Id": "ParamEyeRForm",
            "Segments": [
                0,
                0.0,
                2,
                2.3499999046325684,
                0.0
            ]
        },
        {
            "Target": "Parameter",
            "Id": "ParamEyeLOpen",
            "Segments": [
                0,
                0.800000011920929,
                2,
                2.3499999046325684,
                0.800000011920929
            ]
        },
        {
            "Target": "Parameter",
            "Id": "ParamEyeLSmile",
            "Segments": [
                0,
                1.0,
                2,
                2.3499999046325684,
                1.0
            ]
        },
        {
            "Target": "Parameter",
            "Id": "ParamEyeLForm",
            "Segments": [
                0,
                0.0,
                2,
                2.3499999046325684,
                0.0
            ]
        },
        {
            "Target": "Parameter",
            "Id": "ParamEyeballY",