{
    "Version": 3,
    "Meta": {
        "Name": "face_ncsmile_07",
        "Duration": 2.1670000553131104,
        "Fps": 60.0,
        "Loop": true,
        "AreBeziersRestricted": true,
        "CurveCount": 45,
        "UserDataCount": 0,
        "TotalPointCount": 123,
        "TotalSegmentCount": 71,
        "TotalUserDataSize": 0
    },
    "Curves": [
        {
            "Target": "Parameter",
            "Id": "ParamEyeTeary",
            "Segments": [
                0,
                0.0,
                2,
                0.0,
                0.0,
                1,
                0.027666665613651276,
                0.0,
                0.05533333122730255,
                0.999999971017889,
                0.08299999684095383,
                1.0,
                1,
                0.11099999646345775,
                1.0,
                0.13899999608596167,
                1.1827287445716669e-08,
                0.16699999570846558,
                0.0,
                1,
                0.1946666638056437,
                0.0,
                0.22233333190282187,
                1.000000010392883,
                0.25,
                1.0,
                1,
                0.27766666809717816,
                1.0,
                0.30533333619435626,
                -1.0392882998644383e-08,
                0.3330000042915344,
                0.0,
                1,
                0.3610000014305115,
                0.0,
                0.3889999985694885,
                1.0000000261099313,
                0.4169999957084656,
                1.0,
                1,
                0.44466666380564374,
                1.0,
                0.47233333190282184,
                -1.0392882998644383e-08,
                0.5,
                0.0,
                1,
                0.5276666680971781,
                0.0,
                0.5553333361943563,
                1.000000010392883,
                0.5830000042915344,
                1.0,
                1,
                0.6110000014305115,
                1.0,
                0.6389999985694885,
                -2.6109931402136983e-08,
                0.6669999957084656,
                0.0,
                1,
                0.6946666638056437,
                0.0,
                0.7223333319028219,
                1.000000010392883,
                0.75,
                1.0,
                1,
                0.7776666680971781,
                1.0,
                0.8053333361943563,
                -1.0392882998644383e-08,
                0.8330000042915344,
                0.0,
                1,
                0.8610000014305115,
                0.0,
                0.8889999985694885,
                1.0000000261099313,
                0.9169999957084656,
                1.0,
                1,
                0.9446666638056437,
                1.0,
                0.9723333319028219,
                -1.0392882998644383e-08,
                1.0,
                0.0,
                1,
                1.0276666482289631,
                0.0,
                1.0553332964579265,
                0.9999999757057273,
                1.0829999446868896,
                1.0,
                1,
                1.1109999815622966,
                1.0,
                1.1390000184377034,
                6.672585151079602e-09,
                1.1670000553131104,
                0.0,
                1,
                1.1946667035420735,
                0.0,
                1.2223333517710369,
                0.9999999757057273,
                1.25,
                1.0,
                1,
                1.2776666482289631,
                1.0,
                1.3053332964579265,
                2.4294272667665002e-08,
                1.3329999446868896,
                0.0,
                1,
                1.3609999815622966,
                0.0,
                1.3890000184377034,
                0.9999999933274148,
                1.4170000553131104,
                1.0,
                1,
                1.4446667035420735,
                1.0,
                1.4723333517710369,
                2.4294272667665002e-08,
                1.5,
                0.0,
                1,
                1.5276666482289631,
                0.0,
                1.5553332964579265,
                0.9999999757057273,
                1.5829999446868896,
                1.0,
                1,
                1.6109999815622966,
                1.0,
                1.6390000184377034,
                6.672585151079602e-09,
                1.6670000553131104,
                0.0,
                1,
                1.6946667035420735,
                0.0,
                1.7223333517710369,
                0.9999999757057273,
                1.75,
                1.0,
                1,
                1.7776666482289631,
                1.0,
                1.8053332964579265,
                2.4294272667665002e-08,
                1.8329999446868896,
                0.0,
                1,
                1.8609999815622966,
                0.0,
                1.8890000184377034,
                0.9999999933274148,
                1.9170000553131104,
                1.0,
                1,
                1.9446667035420735,
                1.0,
                1.9723333517710369,
                2.4294272667665002e-08,
                2.0,
                0.0,
                1,
                2.0276666482289634,
                0.0,
                2.0553332964579263,
                0.9999999757057273,
                2.0829999446868896,
                1.0,
                1,
                2.1109999815622964,
                1.0,
                2.1390000184377036,
                6.672585151079602e-09,
                2.1670000553131104,
                0.0
            ]
        },
        {
            "Target": "Parameter",
            "Id": "ParamBrowRX",
            "Segments": [
                0,
                0.0,
                2,
                2.1670000553131104,
                0.0
            ]
        },
        {
            "Target": "Parameter",
            "Id": "ParamBrowRY",
            "Segments": [
                0,
                -0.5,
                2,
                2.1670000553131104,
                -0.5
            ]
        },
        {
            "Target": "Parameter",
            "Id": "ParamBrowRAngle",
            "Segments": [
                0,
                0.6000000238418579,
                2,
                2.1670000553131104,
                0.6000000238418579
            ]
        },
        {
            "Target": "Parameter",
            "Id": "ParamBrowRForm",
            "Segments": [
                0,
                -0.8999999761581421,
                2,
                2.1670000553131104,
                -0.8999999761581421
            ]
        },
        {
            "Target": "Parameter",
            "Id": "ParamBrowLX",
            "Segments": [
                0,
                0.0,
                2,
                2.1670000553131104,
                0.0
            ]
        },
        {
            "Target": "Parameter",
            "Id": "ParamBrowLY",
            "Segments": [
                0,
                -0.5,
                2,
                2.1670000553131104,
                -0.5
            ]
        },
        {
            "Target": "Parameter",
            "Id": "ParamBrowLAngle",
            "Segments": [
                0,
                0.6000000238418579,
                2,
                2.1670000553131104,
                0.6000000238418579
            ]
        },
        {
            "Target": "Parameter",
            "Id": "ParamBrowLForm",