{
    "Version": 3,
    "Meta": {
        "Name": "s-common-sad01",
        "Duration": 2.367000102996826,
        "Fps": 60.0,
        "Loop": true,
        "AreBeziersRestricted": true,
        "CurveCount": 32,
        "UserDataCount": 0,
        "TotalPointCount": 202,
        "TotalSegmentCount": 104,
        "TotalUserDataSize": 0
    },
    "Curves": [
        {
            "Target": "Parameter",
            "Id": "ParamPositionY",
            "Segments": [
                0,
                0.0,
                2,
                0.0,
                0.0,
                1,
                0.14999999602635702,
                0.0,
                0.299999992052714,
                0.9999999947018074,
                0.44999998807907104,
                1.0,
                1,
                0.5999999841054281,
                1.0,
                0.749999980131785,
                -0.5450000754992095,
                0.8999999761581421,
                -0.5450000166893005,
                1,
                1.2166666587193806,
                -0.5450000166893005,
                1.5333333412806194,
                -4.7809206519625975e-08,
                1.850000023841858,
                0.0,
                2,
                2.367000102996826,
                0.0
            ]
        },
        {
            "Target": "Parameter",
            "Id": "ParamAngleY",
            "Segments": [
                0,
                0.0,
                2,
                0.0,
                0.0,
                2,
                0.18299999833106995,
                0.0,
                1,
                0.3109999895095825,
                0.0,
                0.4389999806880951,
                24.999998554106316,
                0.5669999718666077,
                25.0,
                1,
                0.6446666518847147,
                25.0,
                0.7223333319028219,
                25.04200522145622,
                0.800000011920929,
                20.0,
                1,
                0.8943333228429159,
                13.877993964920432,
                0.9886666337649027,
                -3.911986563619614,
                1.0829999446868896,
                -16.0,
                1,
                1.1553332805633545,
                -25.244009050489694,
                1.2276666164398193,
                -29.99999979937247,
                1.2999999523162842,
                -30.0,
                1,
                1.5776666005452473,
                -30.0,
                1.8553332487742107,
                -2.0483823135464263e-06,
                2.132999897003174,
                0.0,
                2,
                2.367000102996826,
                0.0
            ]
        },
        {
            "Target": "Parameter",
            "Id": "ParamAngleZ",
            "Segments": [
                0,
                -15.0,
                2,
                0.0,
                -15.0,
                2,
                0.18299999833106995,
                -15.0,
                1,
                0.3496666749318441,
                -15.0,
                0.5163333515326182,
                -20.000000596046466,
                0.6830000281333923,
                -20.0,
                1,
                0.8163333336512247,
                -20.0,
                0.9496666391690572,
                -14.86100434142237,
                1.0829999446868896,
                -11.0,
                1,
                1.2329999605814617,
                -6.65599567158976,
                1.3829999764760335,
                -6.000000251982891,
                1.5329999923706055,
                -6.0,
                1,
                1.749666690826416,
                -6.0,
                1.9663333892822266,
                -11.000000084363199,
                2.183000087738037,
                -11.0,
                2,
                2.367000102996826,
                -11.0
            ]
        },
        {
            "Target": "Parameter",
            "Id": "ParamEyeROpen",
            "Segments": [
                0,
                1.0,
                2,
                0.0,
                1.0,
                2,
                0.8999999761581421,
                1.0,
                1,
                1.022333304087321,
                1.0,
                1.1446666320164998,
                -3.9041778402785596e-08,
                1.2669999599456787,
                0.0,
                2,
                1.5169999599456787,
                0.0,
                1,
                1.6336666345596313,
                0.0,
                1.750333309173584,
                0.999999970935622,
                1.8669999837875366,
                1.0,
                2,
                2.367000102996826,
                1.0
            ]
        },
        {
            "Target": "Parameter",
            "Id": "ParamEyeLOpen",
            "Segments": [
                0,
                1.0,
                2,
                0.0,
                1.0,
                2,
                0.8999999761581421,
                1.0,
                1,
                1.022333304087321,
                1.0,
                1.1446666320164998,
                -3.9041778402785596e-08,
                1.2669999599456787,
                0.0,
                2,
                1.5169999599456787,
                0.0,
                1,
                1.6336666345596313,
                0.0,
                1.750333309173584,
                0.999999970935622,
                1.8669999837875366,
                1.0,
                2,
                2.367000102996826,
                1.0
            ]
        },
        {
            "Target": "Parameter",
            "Id": "ParamBodyAngleX",
            "Segments": [
                0,
                6.0,
                2,
                0.0,
                6.0,
                1,
                0.14999999602635702,
                6.0,
                0.299999992052714,
                2.00000002119277,
                0.44999998807907104,
                2.0,
                1,
                0.5999999841054281,
                2.0,
                0.749999980131785,
                4.566999547375591,
                0.8999999761581421,
                5.0,
                1,
                1.2166666587193806,
                5.913001050681449,
                1.5333333412806194,
                6.000000025621531,
                1.850000023841858,
                6.0,
                2,
                2.367000102996826,
                6.0
            ]
        },
        {
            "Target": "Parameter",
            "Id": "ParamBodyAngleY",
            "Segments": [
                0,
                0.0,
                2,
                0.0,
                0.0,
                1,
                0.14999999602635702,
                0.0,
                0.299999992052714,
                3.99999997880723,
                0.44999998807907104,
                4.0,
                1,
                0.5999999841054281,
                4.0,
                0.749999980131785,
                -9.00000018861555,
                0.8999999761581421,
                -9.0,
                1,
                1.2166666587193806,
                -9.0,
                1.5333333412806194,
                -4.507367113622725e-07,
                1.850000023841858,
                0.0,
                2,
                2.367000102996826,
                0.0
            ]
        },
        {
            "Target": "Parameter",
            "Id": "ParamUpperBodyZ",